average_breath,average_heart_rate,average_hrv,day,deep_sleep_duration,light_sleep_duration,rem_sleep_duration,time_in_bed,total_sleep_duration
19.5,68.09,37,2021-11-30,5790,12210,8070,30480,26070
19.5,82,27,2021-12-01,30,30,0,1260,60
18.375,66.44,42,2021-12-01,5940,10230,4530,27120,20700
18.375,72,,2021-12-01,0,0,0,360,0
18.375,76.33,45,2021-12-02,0,150,0,1200,150
18.375,80,,2021-12-02,210,60,0,2340,270
17.75,65.61,48,2021-12-02,5220,13950,7620,27780,26790
17.75,71.67,40,2021-12-03,90,270,0,1080,360
17.75,82.17,,2021-12-03,0,240,60,1920,300
19.625,66.95,40,2021-12-03,6000,10080,9810,30000,25890
19.625,,,2021-12-03,0,0,0,300,0
19.625,75,49,2021-12-04,0,0,0,900,0
19,62.49,48,2021-12-04,3600,18690,9510,35460,31800
19,77.4,,2021-12-05,0,690,30,2940,720
19,76,51,2021-12-05,0,0,0,660,0
19,69.75,72,2021-12-05,360,480,30,2220,870
18.125,65.57,41,2021-12-05,7260,14820,10230,34620,32310
18.125,,,2021-12-06,0,30,0,540,30
18.125,77.44,,2021-12-06,0,390,120,2940,510
18.125,74.8,,2021-12-06,0,150,0,2160,150
19.375,68.22,33,2021-12-06,4290,8070,1620,15300,13980
19.375,82,21,2021-12-07,0,0,0,600,0
18.625,65.02,40,2021-12-07,7170,13320,8430,33300,28920
18.625,74.5,42,2021-12-08,0,0,0,720,0
19.5,66.29,40,2021-12-08,4230,13980,6180,25740,24390
19.5,82.12,,2021-12-09,0,450,390,2880,840
19.5,65.25,60,2021-12-09,0,1410,0,2100,1410
19.5,60.9,,2021-12-09,60,1410,0,4320,1470
19.625,65.32,40,2021-12-09,6690,14280,6810,28740,27780
19.625,87,34,2021-12-09,0,0,0,420,0
19.625,75.91,36,2021-12-10,240,2130,90,4680,2460
18.5,61.48,45,2021-12-10,7260,11490,7770,27900,26520
18.5,83,34,2021-12-10,0,0,0,480,0
18.5,80,31,2021-12-11,0,0,0,420,0
18.25,67.66,38,2021-12-11,6900,12600,8250,32460,27750
18.25,87,,2021-12-11,0,0,0,660,0
18.25,74,38,2021-12-12,0,30,0,1140,30
18.25,79,16,2021-12-12,0,0,0,420,0
18.25,79.29,,2021-12-12,0,780,120,2700,900
18.25,68,46,2021-12-12,0,0,0,480,0
18.25,70.25,66,2021-12-12,60,780,0,2700,840
18.25,60.14,73,2021-12-12,90,1170,0,2280,1260
18.125,66.42,35,2021-12-12,3660,15420,9090,29280,28170
18.125,70,,2021-12-12,0,0,0,420,0
18.125,86,,2021-12-13,60,120,0,2220,180
18.125,81,,2021-12-13,0,240,0,3240,240
18.125,67.67,39,2021-12-13,0,90,0,960,90
18.625,63.77,43,2021-12-13,5910,16140,7560,33360,29610
18.625,,,2021-12-14,0,240,0,1020,240
18.375,64.8,46,2021-12-14,4620,6180,7980,19620,18780
18.375,85,23,2021-12-15,0,0,0,780,0
18.375,85.67,31,2021-12-15,0,150,0,1020,150
19.375,65.92,48,2021-12-15,7170,18840,10410,38400,36420
19.375,81,,2021-12-16,0,0,0,600,0
19.25,68.61,37,2021-12-16,6450,13920,8340,29700,28710
19.25,,,2021-12-16,0,0,0,420,0
19.25,99,16,2021-12-16,0,60,0,660,60
19.25,80.12,32,2021-12-17,0,570,0,2700,570
19.25,85,39,2021-12-17,0,0,0,420,0
18.875,64.88,47,2021-12-17,5550,11940,8040,26640,25530
18.875,80,,2021-12-17,0,0,0,900,0
18.875,77.17,,2021-12-18,150,150,180,2580,480
18.375,65.67,41,2021-12-18,4290,20010,11970,38100,36270
18.375,81,42,2021-12-19,0,120,0,1320,120
18.375,78.5,,2021-12-19,90,90,0,3120,180
18.375,76,39,2021-12-19,0,120,0,1740,120
18.875,66.56,44,2021-12-19,5670,16530,8640,32640,30840
18.875,70,45,2021-12-20,300,780,0,1980,1080
18.125,62.86,56,2021-12-20,8760,8340,9570,28980,26670
18.125,84.5,23,2021-12-21,0,0,0,1080,0
18.375,64.3,53,2021-12-21,7440,12690,6660,29760,26790
18.375,70,69,2021-12-21,0,0,0,720,0
17.875,69.95,39,2021-12-22,6060,8730,8790,27720,23580
17.875,72,,2021-12-22,0,0,0,540,0
17.875,,,2021-12-23,0,0,0,180,0
17.875,77,,2021-12-23,0,660,0,1740,660
17.875,87,,2021-12-23,0,90,0,1560,90
19.5,66.47,47,2021-12-23,6540,15210,10080,36000,31830
19.5,77.89,50,2021-12-23,0,1620,120,4500,1740
19.5,85,,2021-12-24,0,0,0,540,0
19.5,86,31,2021-12-24,0,0,0,960,0
19.5,87.17,,2021-12-24,0,150,0,2160,150
19.5,62,70,2021-12-24,0,30,0,660,30
19.5,60.5,,2021-12-24,210,150,0,1380,360
19.125,68.22,35,2021-12-24,6450,11100,11280,30600,28830
19.125,84,32,2021-12-25,0,0,0,480,0
19.125,73.6,,2021-12-25,0,270,0,1800,270
19.5,65.52,44,2021-12-25,9990,10710,8430,31800,29130
19.5,77.4,,2021-12-25,0,150,0,2100,150
19.5,82,31,2021-12-26,0,0,0,480,0
19.5,80,42,2021-12-26,0,210,0,1500,210
19.5,84.33,,2021-12-26,0,180,0,2220,180
19.5,75,,2021-12-26,0,0,0,1860,0
19.375,69.47,31,2021-12-26,5880,16830,7440,31620,30150
19.375,75,,2021-12-27,0,0,0,540,0
19.375,81.5,25,2021-12-27,0,120,0,1020,120
19.375,82,30,2021-12-27,0,0,0,1020,0
19.375,72.75,43,2021-12-27,0,330,0,1020,330
19,69.42,33,2021-12-27,6090,12630,9330,29100,28050
19,,,2021-12-27,0,90,0,780,90
19,71,,2021-12-27,0,210,0,900,210
19,87.5,,2021-12-28,0,240,0,1680,240
19,80.5,34,2021-12-28,0,0,0,540,0
19,72.5,43,2021-12-28,0,0,0,780,0
19,71.33,52,2021-12-28,0,600,0,1800,600
19.125,73.72,23,2021-12-28,4650,11640,7350,24960,23640
19.125,80.7,27,2021-12-29,510,870,30,4200,1410
18.875,72.37,30,2021-12-29,810,13200,10020,24180,24030
18.875,,,2021-12-30,0,0,0,300,0
18.875,79.25,30,2021-12-30,0,780,30,1380,810
18.875,82,,2021-12-30,0,90,0,840,90
18.875,84.67,,2021-12-30,30,90,0,1440,120
18.875,85.67,19,2021-12-30,30,60,0,1380,90
19.25,69.99,32,2021-12-30,4680,12420,11580,29340,28680
19.25,75,,2021-12-31,0,0,0,600,0
17.375,67.9,35,2021-12-31,4740,11070,9900,27360,25710
17.375,83,29,2022-01-01,0,0,0,720,0
17.375,93.5,19,2022-01-01,0,30,0,660,30
19.875,80.22,21,2022-01-01,2580,11280,8400,24000,22260
19.875,86,30,2022-01-02,0,570,0,2760,570
19.875,83.67,19,2022-01-02,0,0,0,600,0
19.875,75.6,,2022-01-02,90,870,0,2460,960
19.125,67.74,46,2022-01-02,6780,13530,6540,33000,26850
19.125,,,2022-01-02,0,0,0,480,0
19.125,83.5,28,2022-01-03,60,90,0,1380,150
19.125,75,,2022-01-03,30,420,0,2340,450
18.5,66.64,42,2022-01-03,2760,14760,5310,25620,22830
18.5,88,,2022-01-03,0,0,0,300,0
18.5,90,17,2022-01-04,60,30,0,1080,90
18.5,,,2022-01-04,0,0,0,300,0
18,66.5,39,2022-01-04,5520,16080,6240,29220,27840
18,75,41,2022-01-05,0,210,0,900,210
18,85.83,,2022-01-05,90,180,90,4320,360
18,70,,2022-01-05,0,0,0,300,0
18.125,67.23,35,2022-01-05,4650,12750,8430,27540,25830
,77,,2022-01-05,0,0,0,420,0
18,82.33,25,2022-01-06,0,630,0,1500,630
18.375,64.4,52,2022-01-06,7080,10620,8280,28800,25980
18.375,81.5,31,2022-01-06,0,60,0,660,60
18.375,,,2022-01-06,0,0,0,360,0
18.375,79,,2022-01-06,0,180,0,1020,180
18.375,76.25,,2022-01-06,90,150,0,1980,240
18.375,82.5,,2022-01-07,0,150,0,2280,150
18.375,78,33,2022-01-07,0,0,0,840,0
18.5,69.11,39,2022-01-07,5460,14850,7470,31200,27780
18.5,69.33,54,2022-01-07,90,420,0,1560,510
18.5,,,2022-01-08,0,0,0,360,0
19,66.57,44,2022-01-08,6660,12990,11820,33960,31470
19,80,34,2022-01-09,0,270,0,1080,270
19,71,,2022-01-09,0,0,0,540,0
19,76,,2022-01-09,0,0,0,660,0
19,77.33,33,2022-01-09,0,270,0,1140,270
19,82,28,2022-01-09,0,0,0,1140,0
19,,,2022-01-09,0,0,0,300,0
18.625,67.32,40,2022-01-09,7470,13410,9570,35220,30450
18.625,87,,2022-01-10,0,0,0,540,0
18.625,79,21,2022-01-10,0,210,0,1800,210
18.625,80,22,2022-01-10,0,270,30,1320,300
19.125,65.37,43,2022-01-10,6510,13470,4740,27480,24720
19.125,77.5,,2022-01-11,0,210,0,1140,210
19.125,,,2022-01-11,0,0,0,360,0
19.125,70.38,32,2022-01-11,4020,15660,7410,28320,27090
19.125,,,2022-01-11,0,0,0,840,0
19.125,82,35,2022-01-11,0,0,0,1020,0
19.125,76.5,37,2022-01-11,0,240,0,900,240
19.125,75.5,,2022-01-11,0,150,0,1200,150
19.125,69,,2022-01-12,60,870,0,2700,930
19.125,70.33,52,2022-01-12,390,90,0,1440,480
18.875,64.69,51,2022-01-12,9570,14310,7800,33240,31680
18.875,58,97,2022-01-12,0,0,0,900,0
18.875,80.25,,2022-01-13,0,120,0,2700,120
18.875,72,,2022-01-13,90,90,0,2220,180
18.875,75.5,,2022-01-13,30,0,0,2280,30
19,62.5,53,2022-01-13,6930,15120,8400,31800,30450
19,,,2022-01-14,0,0,0,540,0
20.125,73.06,25,2022-01-14,5070,8880,9870,25260,23820
19.875,65.49,38,2022-01-15,2850,11820,11520,26940,26190
19.875,66.43,57,2022-01-16,0,1590,0,2400,1590
19.875,82.25,14,2022-01-16,0,510,0,1680,510
18.25,61.81,63,2022-01-16,7320,14220,7410,37560,28950
18.625,60.18,63,2022-01-17,6210,14910,7140,29760,28260
15.75,76,,2022-01-18,0,0,0,1920,0
15.75,72,50,2022-01-18,0,0,0,540,0
15.75,75,,2022-01-18,0,0,0,780,0
18.125,64.78,50,2022-01-18,6870,18150,9480,36240,34500
18.125,74.4,44,2022-01-19,570,240,270,2040,1080
18.75,61.93,58,2022-01-19,7080,13860,8460,30420,29400
18.75,67.5,50,2022-01-19,0,30,0,600,30
18.75,73.5,53,2022-01-19,0,0,0,1800,0
18.75,,,2022-01-20,30,0,0,1200,30
18.75,,,2022-01-20,0,0,0,540,0
18.75,80.6,25,2022-01-20,0,450,360,1620,810
18.75,75.5,,2022-01-20,30,120,0,2100,150
18.75,76,,2022-01-20,0,150,0,2940,150
18.25,59.88,58,2022-01-20,7140,13230,10710,33420,31080
18.25,77.2,,2022-01-21,30,120,0,2160,150
18.25,72.33,,2022-01-21,0,270,0,1680,270
18.25,71.4,,2022-01-21,90,150,0,2220,240
18.625,59.27,59,2022-01-21,7110,11580,8430,29280,27120
18.625,74,45,2022-01-21,0,0,0,660,0
18.625,,,2022-01-22,0,0,0,420,0
18,61.2,51,2022-01-22,8940,10110,8070,30960,27120
18,72.5,33,2022-01-23,0,480,0,1140,480
18,70,46,2022-01-23,0,0,0,360,0
16.625,62.4,45,2022-01-23,6840,15750,7500,37920,30090
16.625,77,,2022-01-23,30,120,0,1860,150
16.625,69,67,2022-01-24,0,30,0,600,30
16.625,68.14,41,2022-01-24,60,1260,0,2220,1320
16.625,68.25,59,2022-01-24,60,300,0,1560,360
18.25,62.24,54,2022-01-24,8280,13020,9660,35280,30960
18.25,74,,2022-01-25,510,180,0,1860,690
18.25,,,2022-01-25,0,0,0,480,0
17.5,60.79,56,2022-01-25,6330,14520,8280,32400,29130
,78,48,2022-01-25,0,0,0,180,0
16.25,,,2022-01-25,0,120,0,900,120
16.25,74,34,2022-01-26,750,480,60,2940,1290
16.25,72.67,42,2022-01-26,30,60,0,1140,90
18.125,60.44,60,2022-01-26,7830,12690,6240,28320,26760
18.125,73,,2022-01-26,0,120,0,1860,120
18.125,67.67,50,2022-01-27,30,0,0,1620,30
18.75,63.46,51,2022-01-27,6960,13440,9180,34980,29580
19.25,62.15,51,2022-01-28,7380,11820,6000,28020,25200
19.25,74,,2022-01-28,0,0,0,480,0
19.25,,,2022-01-28,0,90,0,960,90
19.25,76.5,54,2022-01-29,30,600,330,3000,960
19,63.84,46,2022-01-29,7650,13230,8610,31320,29490
17.875,64.65,46,2022-01-30,6480,10980,8190,35340,25650
17.875,,,2022-01-30,0,0,0,240,0
17.875,,,2022-01-31,0,0,0,420,0
17.875,74,,2022-01-31,210,150,0,2340,360
19.375,66.7,36,2022-01-31,6060,12450,8370,28920,26880
19.375,73,,2022-01-31,0,30,0,660,30
19.375,79.5,,2022-02-01,0,30,0,840,30
18.5,63.59,52,2022-02-01,7890,14490,6720,31740,29100
18.5,77,48,2022-02-01,30,0,0,1320,30
17.375,61.64,45,2022-02-02,2700,11070,7530,24240,21300
17.375,,,2022-02-02,0,0,0,300,0
17.375,71,68,2022-02-03,60,180,0,1560,240
17.375,76,40,2022-02-03,0,0,0,840,0
17.375,70.8,41,2022-02-03,210,180,0,2160,390
18.25,64.53,46,2022-02-03,6960,14970,10470,33480,32400
18.25,,,2022-02-03,0,0,0,600,0
18.25,,,2022-02-04,0,0,0,240,0
18.25,65.74,42,2022-02-04,5040,11820,8550,28680,25410
18.25,73.8,,2022-02-04,90,150,0,1740,240
18.25,78.43,,2022-02-05,0,600,30,2220,630
18.25,69,,2022-02-05,0,0,0,480,0
18.375,63.74,50,2022-02-05,3720,16740,9750,33360,30210
17.75,61.94,53,2022-02-06,7470,10740,7590,37800,25800
17.75,70,66,2022-02-06,0,0,0,660,0
17.75,72.5,,2022-02-07,0,270,0,1620,270
17.75,80.9,,2022-02-07,30,90,0,3480,120
18.125,63.97,42,2022-02-07,5310,13500,8850,30840,27660
18.125,,,2022-02-08,0,0,0,1500,0
18.125,86,28,2022-02-08,0,0,0,480,0
18.125,89,12,2022-02-08,0,0,0,360,0
19,64.56,48,2022-02-08,7500,13950,7410,35520,28860
19,72.67,44,2022-02-09,120,60,0,1200,180
19,70.67,,2022-02-09,0,150,0,1500,150
18.375,60.95,52,2022-02-09,2730,20880,6900,32160,30510
18.375,68.33,57,2022-02-10,0,150,0,1320,150
19.5,63.32,56,2022-02-10,6390,13260,6960,28260,26610
19.5,,,2022-02-10,0,0,0,600,0
19.5,80,31,2022-02-11,0,240,0,1260,240
19.5,,,2022-02-11,0,0,0,420,0
19.5,,,2022-02-11,0,210,0,1380,210
17.125,61.6,57,2022-02-11,6240,15210,9000,32460,30450
17.875,61.5,46,2022-02-12,4830,16770,7740,33360,29340
17.875,,,2022-02-12,0,0,0,1080,0
17.875,68,59,2022-02-12,150,30,0,1200,180
17.875,,,2022-02-12,0,0,0,420,0
17.875,80,29,2022-02-12,30,0,0,1560,30
17.875,64.99,49,2022-02-13,6180,13110,8910,32280,28200
17.875,,,2022-02-14,0,0,0,600,0
18.875,66.6,38,2022-02-14,6180,12060,9420,29040,27660
18.875,71.33,42,2022-02-15,390,600,0,1740,990
18.875,,,2022-02-15,0,90,0,960,90
18.375,64.41,47,2022-02-15,2100,15420,10410,30840,27930
19.125,65.31,46,2022-02-16,7260,10980,8100,29760,26340
18.5,63.76,51,2022-02-17,3450,17340,9090,33480,29880
18.5,82,,2022-02-18,90,450,0,3420,540
19,67,43,2022-02-18,7590,9180,7680,29340,24450
19,71.5,,2022-02-19,0,120,0,840,120
18.75,65.07,47,2022-02-19,8490,14640,11010,39420,34140
18.75,79,,2022-02-20,0,0,0,1020,0
19.5,64.35,46,2022-02-20,7380,10980,6600,25620,24960
19.5,93,20,2022-02-20,30,180,0,1140,210
19.5,,,2022-02-21,0,0,0,540,0
19.5,,,2022-02-21,0,0,0,360,0
19.5,74,37,2022-02-21,0,0,0,600,0
18.375,63.01,48,2022-02-21,6270,10680,6660,26100,23610
18.375,65,75,2022-02-22,0,0,0,660,0
19.625,68.39,34,2022-02-22,4860,15450,6960,28920,27270
18.5,63.49,50,2022-02-23,5340,16440,6840,32400,28620
18.5,86,16,2022-02-23,0,0,0,600,0
18.5,,,2022-02-24,90,0,0,4500,90
18.5,68,,2022-02-24,120,90,0,2880,210
19.5,69.13,35,2022-02-24,5730,10500,6570,23700,22800
18.75,67.47,47,2022-02-25,6720,12390,5910,26340,25020
18.75,83.5,,2022-02-26,0,0,0,1500,0
18.75,65.5,,2022-02-26,120,270,0,4200,390
18.875,65.33,48,2022-02-26,7770,8850,6780,25500,23400
17.5,64.34,43,2022-02-27,7890,11100,8940,32460,27930
17.5,79.25,31,2022-02-27,0,240,0,900,240
17.75,67.35,41,2022-02-28,6120,10980,5550,25140,22650
17.75,67.77,34,2022-03-01,3690,16050,8070,29460,27810
18.625,66.88,42,2022-03-02,10110,7740,9690,28500,27540
18.625,82,,2022-03-03,0,120,0,1200,120
18.625,,,2022-03-03,0,0,0,540,0
18.625,65,67,2022-03-03,0,0,0,420,0
18.625,67.33,44,2022-03-03,8010,12270,8310,30180,28590
18.75,64.99,40,2022-03-04,7530,12420,9330,32040,29280
18.75,83,38,2022-03-05,0,90,0,600,90
18.25,68.38,43,2022-03-05,7830,9660,12240,32340,29730
19.25,69.23,38,2022-03-06,9180,6780,10590,28860,26550
19.25,72,,2022-03-06,0,30,0,780,30
18.625,67.22,42,2022-03-07,8550,10260,10500,30420,29310
19.25,68.63,38,2022-03-08,10080,7950,12150,32100,30180
19.25,84.5,25,2022-03-08,0,0,0,600,0
19.25,80.4,25,2022-03-09,60,690,0,1260,750
19.375,66.72,42,2022-03-09,7440,12630,9090,30840,29160
19.375,73,50,2022-03-10,0,0,0,300,0
19.5,65.54,43,2022-03-10,7380,9390,8580,27360,25350
19.5,,,2022-03-10,0,150,0,1080,150
19.5,68,60,2022-03-11,0,0,0,660,0
18.625,65.85,40,2022-03-11,7500,10020,11010,31020,28530
18.625,,,2022-03-12,0,0,0,420,0
18.625,73,41,2022-03-12,0,0,0,660,0
18.625,64,50,2022-03-12,7920,10650,8820,34500,27390
18.625,70,57,2022-03-13,0,0,0,240,0
18.875,63.6,43,2022-03-13,9060,9390,9090,32100,27540
18.875,72,,2022-03-13,0,0,0,1200,0
18.875,78,44,2022-03-14,0,0,0,480,0
18.5,65.84,35,2022-03-14,7110,10710,8160,26580,25980
18.5,65.22,51,2022-03-15,120,1530,0,2820,1650
18,66.6,37,2022-03-15,5340,10560,7530,26400,23430
18,,,2022-03-15,0,0,0,480,0
18.375,64.91,50,2022-03-16,7470,14700,10620,36960,32790
18.375,79,47,2022-03-17,0,270,0,1020,270
17.5,63.07,52,2022-03-17,9690,10680,9810,33240,30180
17.5,72,54,2022-03-17,0,0,0,420,0
17.5,,,2022-03-18,0,0,0,300,0
18,65.3,50,2022-03-18,6990,9240,8100,27540,24330
18,79.5,33,2022-03-19,0,420,210,1500,630
18.625,66.61,44,2022-03-19,8550,10590,10740,33660,29880
18.625,65.33,,2022-03-20,30,420,0,2520,450
18.625,65.25,49,2022-03-20,300,180,0,1500,480
18.875,64.58,51,2022-03-20,8250,9120,6810,25500,24180
19.5,64.47,46,2022-03-21,8760,9600,6150,25920,24510
19.5,79.33,18,2022-03-21,0,150,0,840,150
19,61.31,55,2022-03-22,7560,11070,9210,30540,27840
20,66.2,41,2022-03-23,6390,15600,6180,29520,28170
20,84,27,2022-03-24,0,0,0,300,0
19,66.05,43,2022-03-24,9120,10140,8880,30420,28140
19,66.12,44,2022-03-25,8940,10950,10680,32820,30570
11,81,20,2022-03-26,0,0,0,300,0
18.75,64.95,52,2022-03-26,9330,8070,10470,37140,27870
19.25,64.28,56,2022-03-27,10230,9240,10680,31860,30150
19.25,78,,2022-03-28,0,180,0,1920,180
18.5,65.16,40,2022-03-28,8610,7980,7380,25080,23970
18.5,70,47,2022-03-29,0,210,0,960,210
17.25,62.18,59,2022-03-29,9840,8310,7560,27840,25710
17.75,62.88,54,2022-03-30,8250,9570,10260,33060,28080
17.75,81.5,,2022-03-31,0,30,0,2280,30
17.75,,,2022-03-31,0,0,0,480,0
18.875,65.08,52,2022-03-31,9330,10470,6810,28380,26610
18.875,80.4,,2022-04-01,0,270,0,2160,270
18.875,69.5,55,2022-04-01,30,240,0,1020,270
18.875,90,17,2022-04-01,0,0,0,1020,0
18.375,63.48,56,2022-04-01,8490,10920,8820,30240,28230
18.125,68.12,50,2022-04-02,8520,12240,10290,36180,31050
17.75,63.41,66,2022-04-03,10350,9570,6840,30720,26760
17.75,82.5,32,2022-04-04,0,120,0,960,120
18.125,64.25,50,2022-04-04,9870,7950,9150,29760,26970
17.5,67.2,43,2022-04-05,10380,7710,8820,29040,26910
18,65.27,55,2022-04-06,6420,8940,9690,30840,25050
18,75.33,,2022-04-07,0,180,0,3060,180
18,,,2022-04-07,90,0,0,3420,90
19.125,68.33,40,2022-04-07,7290,9450,9870,28080,26610
19.125,84,,2022-04-08,0,120,0,1740,120
17.875,64.77,51,2022-04-08,9990,14100,12390,40500,36480
17.875,66.89,55,2022-04-09,30,1020,0,3060,1050
17.75,65.27,37,2022-04-09,8100,11190,10950,34200,30240
18.625,65.54,40,2022-04-10,8430,11160,10290,34680,29880
18.625,77,,2022-04-10,0,30,0,840,30
18.875,64.66,43,2022-04-11,7980,12180,9150,32160,29310
18.875,70,,2022-04-12,0,0,0,480,0
18.5,66.4,26,2022-04-12,5700,3930,2730,14520,12360
18.5,,,2022-04-12,0,0,0,240,0
18.5,77.83,,2022-04-13,90,180,0,3120,270
17.375,68.82,31,2022-04-13,6450,5520,8550,29160,20520
17.375,71,57,2022-04-13,60,30,0,1200,90
18.625,69.56,35,2022-04-14,5370,18840,9510,36600,33720
18.25,77.45,25,2022-04-15,4500,12750,12390,30480,29640
20.625,74.07,29,2022-04-16,4410,10980,9660,27720,25050
20.625,83.33,21,2022-04-16,0,270,30,960,300
20.625,82,40,2022-04-16,0,0,0,420,0
19.25,68.88,48,2022-04-17,10050,9450,9840,31260,29340
19.25,86,,2022-04-17,0,0,0,360,0
19.25,91.5,19,2022-04-17,0,0,0,360,0
19.25,86,25,2022-04-17,0,90,0,720,90
19.25,69,56,2022-04-18,0,630,0,1560,630
19.25,72.5,,2022-04-18,0,150,0,1380,150
19.25,82,28,2022-04-18,0,0,0,480,0
19.25,84.5,,2022-04-18,0,480,0,3180,480
19.25,66.64,40,2022-04-18,9300,6600,9570,27480,25470
19.25,83.8,,2022-04-19,90,180,90,1800,360
19.25,84,,2022-04-19,120,0,0,1800,120
19.25,66.02,48,2022-04-19,9780,9330,7680,29520,26790
19.25,68.25,44,2022-04-20,180,420,0,1440,600
19.25,76.5,,2022-04-20,0,30,0,1920,30
19.25,,,2022-04-20,0,0,0,480,0
19.25,75,43,2022-04-20,0,0,0,360,0
19,69.24,36,2022-04-20,9000,6720,6210,24480,21930
19,80.5,37,2022-04-20,0,0,0,360,0
19,72,,2022-04-20,0,0,0,780,0
19,,,2022-04-21,0,120,0,840,120
19.375,70.17,39,2022-04-21,10080,8010,5790,25800,23880
19.375,80,,2022-04-22,0,0,0,780,0
19.375,75.33,46,2022-04-22,0,210,0,1800,210
18.25,67.34,41,2022-04-22,9180,11640,13170,35940,33990
18.25,71.5,,2022-04-23,0,480,0,1740,480
18.25,64.86,49,2022-04-23,10050,8220,7410,28500,25680
18.25,76,36,2022-04-23,0,30,0,840,30
18.25,74,33,2022-04-24,150,540,150,1800,840
18.375,72.72,35,2022-04-24,5460,11160,9300,30300,25920
18.375,,,2022-04-24,0,0,0,480,0
18.375,61.5,91,2022-04-24,60,900,0,2520,960
18.375,67.43,32,2022-04-25,390,960,0,2460,1350
18.375,79,29,2022-04-25,0,0,0,480,0
18.375,69.5,,2022-04-25,0,30,0,780,30
18.375,71.5,40,2022-04-25,0,120,0,720,120
18.875,69.04,39,2022-04-25,10800,8040,11040,33600,29880
18.875,,,2022-04-26,0,0,0,720,0
19,64.45,42,2022-04-26,7830,9840,8700,28140,26370
19,71,58,2022-04-27,630,900,0,2400,1530
19.125,65.3,52,2022-04-27,10140,10830,7620,30960,28590
19.125,67.31,64,2022-04-27,2760,1440,0,5160,4200
19.125,85.5,,2022-04-28,30,90,0,2700,120
19.5,65.76,46,2022-04-28,8400,8490,8490,28440,25380
19,62.85,51,2022-04-29,9300,11670,11190,33900,32160
19,,,2022-04-30,0,0,0,660,0
19,,,2022-04-30,0,0,0,1140,0
19.125,62.49,50,2022-04-30,10350,12300,10020,34500,32670
19.125,70.75,,2022-05-01,0,270,0,2580,270
19.125,61.4,,2022-05-01,0,300,0,1980,300
19.25,62.06,48,2022-05-01,7530,12090,6240,26520,25860
19.25,,,2022-05-02,0,0,0,180,0
19.25,65,,2022-05-02,30,420,0,2820,450
19,65.09,38,2022-05-02,6270,6750,6750,20280,19770
18.75,69.69,41,2022-05-03,9150,8370,11880,31620,29400
18.75,73.4,38,2022-05-04,0,720,0,2100,720
18.75,66,53,2022-05-04,0,0,0,720,0
18.875,65.92,43,2022-05-04,6690,11520,7710,28320,25920
17.75,67.59,36,2022-05-05,7230,8580,8430,26580,24240
17.75,73,34,2022-05-06,0,0,0,660,0
17.75,75.25,46,2022-05-06,0,270,0,1620,270
18,66.62,37,2022-05-06,2280,11280,9750,34080,23310
18,84.2,39,2022-05-07,0,240,0,1800,240
19,68.07,44,2022-05-07,5250,21390,10530,42000,37170
19,,,2022-05-08,0,0,0,540,0
19.625,68.78,41,2022-05-08,7590,13410,10260,33480,31260
19.625,84.17,19,2022-05-09,30,780,0,3360,810
18.25,63.63,57,2022-05-09,7560,12540,9060,32760,29160
19.125,69.73,36,2022-05-10,7290,8670,6210,24240,22170
18.625,66.92,44,2022-05-11,12720,8520,11550,34680,32790
18.625,,,2022-05-12,0,0,0,1740,0
18.625,85.17,,2022-05-12,90,30,0,1860,120
18.625,78,,2022-05-12,0,210,0,1080,210
18.875,68.12,46,2022-05-12,8460,9000,6390,26520,23850
18.875,87.5,19,2022-05-13,30,210,0,1620,240
19.375,69.58,32,2022-05-13,5820,9450,13560,30840,28830
19.375,69.8,57,2022-05-13,420,1080,0,3300,1500
19.375,77,,2022-05-13,0,0,0,300,0
19.375,87.67,22,2022-05-14,0,30,0,660,30
19.375,89,37,2022-05-14,30,0,0,1140,30
19.375,78.5,39,2022-05-14,0,0,0,420,0
19.375,78,29,2022-05-14,0,90,0,720,90
18.5,69.18,35,2022-05-14,5790,10680,11070,35160,27540
18.5,84,,2022-05-14,30,120,0,780,150
18.5,75.75,34,2022-05-15,0,270,0,2400,270
18.5,81.33,32,2022-05-15,90,150,0,1560,240
18.5,67.5,,2022-05-15,270,30,0,2460,300
19.5,69.43,34,2022-05-15,6630,8070,8340,24420,23040
19.5,88,19,2022-05-15,0,120,0,1200,120
19.5,78.5,35,2022-05-15,120,360,210,1740,690
19.5,64,48,2022-05-16,0,90,0,960,90
19.75,67.19,46,2022-05-16,9180,11640,8490,32220,29310
,83,,2022-05-16,0,0,0,360,0
18.375,73.5,47,2022-05-17,240,420,0,1680,660
18.375,74.75,,2022-05-17,90,210,0,1680,300
18.375,76.67,36,2022-05-17,360,570,0,3960,930
19.25,65.28,37,2022-05-17,4050,13860,11640,32280,29550
19.25,85.25,,2022-05-17,0,240,30,3960,270
19.25,76,,2022-05-18,0,300,0,1380,300
19.25,79,36,2022-05-18,0,0,0,420,0
19.5,66.64,35,2022-05-18,8130,10080,9390,28920,27600
19.5,,,2022-05-19,0,0,0,240,0
18.875,65.96,44,2022-05-19,6330,11700,6180,27420,24210
18.875,,,2022-05-19,0,0,0,360,0
18.875,83.67,23,2022-05-20,0,180,0,1620,180
18.875,85,31,2022-05-20,0,0,0,720,0
18.875,82.2,,2022-05-20,0,90,0,3180,90
18.875,,,2022-05-20,0,150,0,1260,150
19.5,66.46,38,2022-05-20,3930,16260,7950,29280,28140
11.25,78.5,47,2022-05-21,0,30,0,600,30
11.25,76.17,25,2022-05-21,180,660,300,2100,1140
11.25,65.67,53,2022-05-21,0,360,0,900,360
19.5,63.34,44,2022-05-21,9600,9480,9210,30000,28290
18.875,65.58,45,2022-05-22,8100,12420,12300,35280,32820
19.625,68.19,32,2022-05-23,5580,12210,9300,28860,27090
19.625,77,24,2022-05-24,0,540,0,1320,540
19.75,65.27,46,2022-05-24,5280,14850,7380,29100,27510
19.75,76,31,2022-05-24,0,120,0,720,120
19.75,86,13,2022-05-25,0,0,0,480,0
19.5,64.7,39,2022-05-25,7350,11820,8550,29220,27720
19.5,75.67,22,2022-05-26,630,960,0,2340,1590
19.375,65.47,36,2022-05-26,6090,10110,9060,26280,25260
19.375,82.25,15,2022-05-27,0,270,150,1140,420
19.375,76.33,26,2022-05-27,0,120,0,1440,120
19.375,77.25,,2022-05-27,30,180,0,2220,210
19.75,68.55,39,2022-05-27,6210,10080,8580,27780,24870
19.75,80,41,2022-05-28,0,180,0,1320,180
19.75,75.67,34,2022-05-28,0,420,0,1320,420
19.75,65.67,52,2022-05-28,0,30,0,900,30
19.25,63.83,40,2022-05-28,10170,6780,13200,31860,30150
19.25,83.67,14,2022-05-29,0,900,90,1860,990
19.25,62,49,2022-05-29,0,480,0,1020,480
18.375,65.62,42,2022-05-29,6480,13350,12030,34680,31860
18.375,74.33,52,2022-05-30,0,150,0,1140,150
18.375,72.67,36,2022-05-30,0,390,0,1440,390
19.125,65.09,42,2022-05-30,9510,7110,10950,29400,27570
19.25,70.56,32,2022-05-31,6720,11610,9510,30960,27840
19.25,73,45,2022-06-01,0,90,0,960,90
19.25,72,,2022-06-01,0,30,0,720,30
19.875,66.57,43,2022-06-01,5490,9000,1230,17340,15720
19.875,80,43,2022-06-02,0,30,0,1020,30
18,66.12,41,2022-06-02,9060,11850,12660,36480,33570
18,74.25,43,2022-06-03,300,240,480,1800,1020
18,66.1,39,2022-06-03,6090,13710,9150,31320,28950
18,76.5,34,2022-06-03,0,90,0,720,90
18,84,14,2022-06-04,0,30,0,840,30
18.125,67.22,39,2022-06-04,4200,15870,12360,37380,32430
18.875,68.07,42,2022-06-05,5310,14550,11220,35400,31080
18.875,77.67,30,2022-06-06,0,150,0,780,150
18.625,63.88,50,2022-06-06,6450,8850,6690,32400,21990
18.625,78.33,33,2022-06-07,0,90,0,720,90
19,63.52,45,2022-06-07,8760,8010,8790,32580,25560
19,64.33,66,2022-06-08,0,480,0,1200,480
18.375,63.43,47,2022-06-08,9510,7830,7200,25680,24540
18.375,75,,2022-06-09,0,150,0,1140,150
18.25,65.09,36,2022-06-09,8280,8550,10410,29700,27240
18.25,79.33,24,2022-06-10,90,180,0,900,270
18.25,77,23,2022-06-10,0,360,150,1320,510
18.625,66.5,36,2022-06-10,7230,12240,11490,32580,30960
16.75,,,2022-06-11,0,390,0,1020,390
19.75,67.64,39,2022-06-11,7200,11490,10170,31620,28860
19,67.36,39,2022-06-12,6540,8250,9630,27300,24420
19,56,90,2022-06-12,780,510,0,3540,1290
19.5,66.26,46,2022-06-13,7230,11490,9150,29580,27870
19.5,86,,2022-06-14,0,240,30,2400,270
18.875,67.78,38,2022-06-14,9360,9150,8100,28800,26610
18.875,90.75,,2022-06-15,0,210,0,1860,210
19.75,70.86,36,2022-06-15,9270,10770,12600,34080,32640
19.75,84,,2022-06-16,0,270,0,1800,270
18.875,70.12,40,2022-06-16,6090,11520,11280,30960,28890
18.875,78,45,2022-06-16,0,90,0,720,90
18.875,76.8,42,2022-06-17,30,720,0,1620,750
18.875,67.33,,2022-06-17,30,30,0,1200,60
18.875,62,71,2022-06-17,0,570,0,1440,570
17.875,61,51,2022-06-17,6090,10290,8040,26160,24420
17.875,70.5,59,2022-06-17,90,390,0,1260,480
17.875,85.33,17,2022-06-18,0,180,0,1080,180
18.5,65.53,44,2022-06-18,6720,12720,7830,28620,27270
19,62.72,46,2022-06-19,5250,11040,9060,27840,25350
19,67.75,,2022-06-19,90,60,0,2460,150
19,79,36,2022-06-19,0,0,0,600,0
19,67,47,2022-06-20,0,30,0,840,30
18.25,60.35,56,2022-06-20,8760,10770,8010,30480,27540
18.25,,,2022-06-20,0,0,0,900,0
18.25,71.33,46,2022-06-21,0,210,0,1380,210
18.875,64.92,44,2022-06-21,6240,14970,10440,33420,31650
18.875,,,2022-06-21,30,180,0,1200,210
18.875,83,,2022-06-22,0,210,0,1320,210
18.875,69.6,,2022-06-22,120,270,0,1860,390
19.375,64.72,43,2022-06-22,7200,11910,8400,28380,27510
19.375,,,2022-06-22,0,30,0,900,30
19.375,86,,2022-06-23,0,30,0,780,30
18.5,65.64,39,2022-06-23,8100,12570,10110,32580,30780
18.5,76.25,,2022-06-23,60,180,0,1740,240
18.5,65,47,2022-06-24,0,180,0,1080,180
18.5,70.83,34,2022-06-24,210,690,0,1860,900
18.5,82,,2022-06-24,0,0,0,780,0
17.5,65.37,37,2022-06-24,5490,9750,8430,30960,23670
17.5,64.33,46,2022-06-24,210,180,0,1200,390
17.5,67.67,51,2022-06-25,0,300,0,1380,300
17.75,61.02,47,2022-06-25,9570,7050,9390,28800,26010
17.5,58.62,45,2022-06-26,10110,9330,8130,28800,27570
17.5,72.86,34,2022-06-27,0,270,0,1800,270
18.75,59.8,41,2022-06-27,10020,8850,10860,31140,29730
18.75,71.75,45,2022-06-28,0,270,0,1560,270
18.625,63.04,42,2022-06-28,7290,8940,10530,29160,26760
15.375,68,45,2022-06-28,0,60,0,660,60
18.375,70.25,40,2022-06-29,0,720,0,1260,720
18.25,62.21,51,2022-06-29,8460,10980,8160,30420,27600
18.25,65.6,42,2022-06-30,0,1170,0,2040,1170
19.625,60.92,48,2022-06-30,7170,11790,6930,28380,25890
19.625,70,32,2022-07-01,0,600,60,2040,660
19.625,66,43,2022-07-01,0,750,0,2220,750
20.125,62.7,47,2022-07-01,8160,14010,7980,31020,30150
20.125,80,17,2022-07-02,0,90,0,1380,90
19.5,63.98,41,2022-07-02,8550,7890,9030,27300,25470
19,61.86,58,2022-07-03,8430,10620,8370,30000,27420
19,69,37,2022-07-04,0,510,0,1680,510
19.75,63.9,43,2022-07-04,7380,7710,7770,24420,22860
19.75,74,42,2022-07-05,0,330,0,1260,330
19.75,70.33,,2022-07-05,0,240,0,1680,240
18.875,58.88,54,2022-07-05,7770,14730,8520,32400,31020
14.75,75.71,,2022-07-06,0,1020,30,2640,1050
19,65.09,44,2022-07-06,8850,9870,7920,27960,26640
18.5,63.75,48,2022-07-07,8460,11640,10170,32220,30270
18.5,82,,2022-07-08,0,270,60,1740,330
18.5,69.6,50,2022-07-08,0,630,0,2340,630
18.625,63.51,41,2022-07-08,8490,11070,10290,31680,29850
18.625,71.33,50,2022-07-08,0,420,0,1320,420
18.625,76,,2022-07-09,60,60,0,4200,120
18.25,63.45,47,2022-07-09,9450,10140,10200,32400,29790
18.25,75.86,,2022-07-10,30,270,0,2520,300
18.75,63.97,43,2022-07-10,8250,11010,6690,29700,25950
18.75,80,,2022-07-10,0,210,0,1320,210
18.75,77.5,34,2022-07-10,0,90,0,1140,90
18.75,78,,2022-07-11,150,180,0,2520,330
19.25,66.17,47,2022-07-11,9870,11730,8580,31440,30180
18,63.32,54,2022-07-12,6450,9570,8700,25800,24720
18,73,44,2022-07-13,0,30,0,840,30
18.375,63.18,52,2022-07-13,8010,11730,9720,30900,29460
18.375,62.67,81,2022-07-14,0,30,0,780,30
18.375,58.67,,2022-07-14,150,90,0,2220,240
19.375,62.44,52,2022-07-14,9840,8310,7530,28500,25680
19.375,68.5,,2022-07-15,0,60,0,1380,60
19.375,61.06,61,2022-07-15,10950,10230,5760,29100,26940
19.375,64.8,64,2022-07-16,60,870,0,2460,930
19.375,63.5,47,2022-07-16,0,60,0,720,60
18.75,59.39,47,2022-07-16,7680,12120,6120,27660,25920
18.75,74,42,2022-07-17,30,0,0,1500,30
18.75,79,,2022-07-17,0,240,0,2520,240
18.75,65,44,2022-07-17,60,60,0,1320,120
17.625,59.64,44,2022-07-17,9930,11850,11820,36360,33600
17.625,74.75,,2022-07-17,0,270,0,2400,270
17.625,83.75,36,2022-07-18,30,120,0,2100,150
17.625,74.5,,2022-07-18,60,120,0,1860,180
18.125,64.88,32,2022-07-18,4410,15870,7650,29280,27930
13.875,84,18,2022-07-19,0,420,30,1080,450
13.875,75.33,40,2022-07-19,150,630,0,1680,780
18.25,61.73,44,2022-07-19,9780,10320,7560,29580,27660
18.5,60.84,59,2022-07-20,7590,9330,8310,27000,25230
18.5,64.87,49,2022-07-21,8100,11730,6360,30660,26190
18.5,74.33,,2022-07-22,0,120,0,1440,120
18.75,62.77,47,2022-07-22,6750,15570,11400,38460,33720
18.75,72.8,,2022-07-23,0,270,150,3120,420
18.625,63.69,47,2022-07-23,6480,14940,9330,32880,30750
18.5,60.85,71,2022-07-24,10680,13260,6270,33900,30210
18.5,,,2022-07-24,0,90,0,900,90
18.5,79,,2022-07-25,60,180,0,2040,240
19.5,64.89,40,2022-07-25,6450,11190,5370,24060,23010
19.5,78.67,19,2022-07-26,30,180,0,1440,210
18.125,59.41,59,2022-07-26,8970,13350,7800,31980,30120
18.125,69,40,2022-07-26,0,150,0,1260,150
17.875,60.61,49,2022-07-27,7350,10290,8220,27960,25860
17.875,76.33,29,2022-07-28,0,240,0,1560,240
18.25,63.7,43,2022-07-28,8550,11730,9960,32040,30240
19.125,67.84,31,2022-07-29,7560,9840,9570,31500,26970
18.125,63.72,45,2022-07-30,7980,14640,8130,32160,30750
18.125,,,2022-07-31,0,60,0,1140,60
18.125,75.5,,2022-07-31,30,180,0,1860,210
18.75,62.56,49,2022-07-31,6510,10680,6330,25980,23520
19.25,69.36,31,2022-08-01,6930,11490,7980,28320,26400
19.25,87.67,,2022-08-02,0,180,0,1500,180
19.375,69.04,37,2022-08-02,6690,13200,8250,31320,28140
17.625,73.32,29,2022-08-03,3570,11580,8940,35460,24090
17.625,90,18,2022-08-04,0,150,0,1080,150
19.375,67.43,41,2022-08-04,7350,11790,10830,31680,29970
19.375,80,,2022-08-05,0,210,0,1020,210
19,65.08,44,2022-08-05,7380,10440,9870,29100,27690
18.75,64.66,46,2022-08-06,9450,7710,8430,27660,25590
18.75,79.5,37,2022-08-07,0,90,0,1140,90
19.625,65.26,52,2022-08-07,8550,15480,9120,35280,33150
19.625,82.33,,2022-08-08,0,210,0,3060,210
19.625,78,36,2022-08-08,0,0,0,720,0
18.5,64.76,48,2022-08-08,9990,9960,6930,27600,26880
18.5,75,,2022-08-09,120,180,0,2280,300
18.5,62.04,52,2022-08-09,9750,10980,8820,33240,29550
18.5,63.12,103,2022-08-09,1110,660,0,2460,1770
19.125,64.2,49,2022-08-10,8070,10020,6420,27240,24510
20.125,64.15,50,2022-08-11,10680,6750,4680,23400,22110
19.25,74.62,33,2022-08-12,6360,8580,9720,29460,24660
19.25,72,52,2022-08-12,30,240,0,1260,270
19,61.36,67,2022-08-13,9780,6360,4710,23280,20850
19,61.38,92,2022-08-13,1710,5490,30,10920,7230
19,67.08,,2022-08-14,90,780,0,4500,870
18.625,62.27,46,2022-08-14,5190,14910,9390,30480,29490
18.625,78.67,27,2022-08-15,0,210,0,1260,210
19.125,60.24,50,2022-08-15,10110,9000,7470,29520,26580
19,58.7,57,2022-08-16,10350,7560,5460,24480,23370
18.75,60.7,51,2022-08-17,7710,12900,6030,30180,26640
18.75,61,,2022-08-17,0,210,0,1740,210
18.75,59.5,,2022-08-18,30,90,0,2940,120
18,57.16,65,2022-08-18,10050,8940,8010,29580,27000
18,73,,2022-08-19,0,0,0,2880,0
,,,2022-08-19,,,,33120,
18,70,,2022-08-20,0,30,0,1080,30
17.875,58.23,59,2022-08-20,8010,11520,7470,31560,27000
17.875,74,43,2022-08-21,0,90,0,900,90
18.375,57.43,64,2022-08-21,10530,9450,8400,30480,28380
18.375,72,,2022-08-22,0,270,0,1080,270
18.375,68.25,47,2022-08-22,0,450,30,1140,480
18.375,65.5,57,2022-08-22,0,540,30,1440,570
18.375,61.08,45,2022-08-22,8340,10470,7080,27060,25890
18.375,76,30,2022-08-23,0,420,240,1380,660
18.75,61.83,54,2022-08-23,8160,10890,8400,30360,27450
18.75,77.5,,2022-08-24,30,180,0,1680,210
19.125,62.05,55,2022-08-24,9150,10800,9750,31080,29700
19.125,87.2,,2022-08-25,30,120,0,2940,150
18.125,60.76,64,2022-08-25,10170,6480,7290,25320,23940
19.25,65.71,45,2022-08-26,6000,10410,5370,23400,21780
19.25,90.5,,2022-08-26,0,240,0,1620,240
18.125,60.15,57,2022-08-27,8220,7530,8400,25680,24150
18.125,79,25,2022-08-27,0,0,0,1440,0
18.125,66.75,55,2022-08-28,0,300,0,1440,300
18.625,62.4,46,2022-08-28,7530,11160,9420,29580,28110
18.625,71,50,2022-08-28,0,180,0,1380,180
19.375,61.98,53,2022-08-29,6600,11040,8640,28260,26280
19.375,,,2022-08-29,0,0,0,1620,0
19.375,,,2022-08-29,0,60,0,2040,60
19.375,74.33,,2022-08-30,30,240,0,2640,270
18.875,59.54,52,2022-08-30,10410,11640,8880,33000,30930
19.75,63.18,42,2022-08-31,6960,12300,8400,30780,27660
18,59.95,52,2022-09-01,8040,11880,10560,32460,30480
18,64,70,2022-09-02,0,870,120,1620,990
18.25,60.47,49,2022-09-02,7740,12180,8010,30720,27930
18.375,75.54,31,2022-09-03,6060,10590,9690,27960,26340
18.375,70.5,,2022-09-03,570,270,0,1860,840
18.375,82,,2022-09-04,0,510,0,1260,510
19.75,66.05,57,2022-09-04,9150,13590,8760,35520,31500
19.75,74.5,69,2022-09-04,0,180,0,1020,180
19.75,64.5,67,2022-09-05,0,540,0,1140,540
19.75,61,76,2022-09-05,0,900,0,2580,900
17.625,59.46,62,2022-09-05,5940,9690,5850,25020,21480
17.75,57.97,64,2022-09-06,9210,9090,7440,27420,25740
17.75,60.33,79,2022-09-07,510,450,0,1620,960
17.75,64.5,,2022-09-07,0,210,0,900,210
17.75,74.67,28,2022-09-07,0,210,0,1440,210
17.75,71.25,63,2022-09-07,90,0,0,2100,90
18.375,59.32,63,2022-09-07,8700,10530,9780,30060,29010
18.375,74,37,2022-09-07,0,90,0,960,90
18.375,61.67,,2022-09-07,120,30,0,2160,150
18.375,54.83,82,2022-09-07,60,1230,0,1860,1290
18.375,73,35,2022-09-08,0,30,0,600,30
18.375,69.25,47,2022-09-08,0,90,0,1200,90
18,58.18,61,2022-09-08,9990,11400,8580,31200,29970
18,64,70,2022-09-08,0,90,0,720,90
18.875,64.88,49,2022-09-09,5880,9330,8190,28620,23400
18.5,60.11,57,2022-09-10,10200,12060,12570,40440,34830
18.5,76.33,29,2022-09-10,0,30,0,660,30
18.5,74,33,2022-09-11,0,60,0,660,60
19.5,63.69,49,2022-09-11,9000,12180,6690,28680,27870
19.5,74.33,42,2022-09-11,0,30,0,720,30
19.5,90.5,38,2022-09-12,0,30,0,780,30
19.5,75,33,2022-09-12,0,600,150,1680,750
18,59.41,63,2022-09-12,5310,11640,5220,23880,22170
18,57.2,123,2022-09-12,1290,1020,0,3660,2310
19.375,61.14,50,2022-09-13,8130,11010,6960,27480,26100
19.625,68.88,32,2022-09-14,6960,9630,8220,25740,24810
19.625,62.56,46,2022-09-15,9870,13440,8730,33420,32040
19.625,68.25,,2022-09-16,0,150,0,4140,150
19.125,61.13,57,2022-09-16,10110,10230,6600,27780,26940
18,59.42,55,2022-09-17,10350,14340,7800,34860,32490
18.375,61.62,55,2022-09-18,9090,12930,8610,34620,30630
18.125,60.54,55,2022-09-19,7140,11760,8730,29760,27630
19.5,62.92,47,2022-09-20,9300,7800,5190,23820,22290
19.5,57.25,,2022-09-21,30,240,0,1440,270
18.375,59.55,52,2022-09-21,7650,13710,7650,31020,29010
18.375,71.5,38,2022-09-22,0,60,0,960,60
18.375,68.5,,2022-09-22,0,150,0,1380,150
18.375,62,52,2022-09-22,0,30,0,660,30
17.75,59.53,60,2022-09-22,6600,15150,8100,32760,29850
17.75,59.67,82,2022-09-22,1020,240,0,2340,1260
18.625,62.86,48,2022-09-23,4530,17310,9000,32280,30840
18.625,66.25,,2022-09-24,0,420,0,2040,420
19,63.3,55,2022-09-24,11460,8580,10650,32520,30690
19,86,21,2022-09-25,0,240,0,1560,240
19,76.56,34,2022-09-25,60,450,0,3300,510
19,60.66,61,2022-09-25,6930,16320,8820,34620,32070
19,72.5,38,2022-09-26,0,120,0,1500,120
18,60.72,63,2022-09-26,6450,10230,6870,30060,23550
18,78.25,,2022-09-27,0,240,0,2280,240
18,71.67,,2022-09-27,0,240,0,1440,240
18,,,2022-09-27,0,270,0,1140,270
18.125,59.2,58,2022-09-27,6090,15000,7320,31320,28410
18.125,72.5,55,2022-09-28,0,30,0,780,30
17.875,61.09,55,2022-09-28,8880,11910,7740,31860,28530
16,80,21,2022-09-29,0,120,0,720,120
19,62.19,60,2022-09-29,7740,14280,8760,33600,30780
18.875,60.5,57,2022-09-30,7260,15270,7590,32460,30120
19.5,62.97,53,2022-10-01,9780,11460,11250,34080,32490
19.5,67,,2022-10-01,0,150,0,900,150
19.25,60.03,66,2022-10-02,9450,12840,9210,34260,31500
18.875,58.56,65,2022-10-03,8070,9630,5550,24240,23250
18.625,58.68,59,2022-10-04,7080,14580,5940,31980,27600
18.625,69.5,,2022-10-04,60,210,60,1680,330
19,63.58,43,2022-10-05,11040,9900,9270,32160,30210
19,60.75,50,2022-10-06,9090,15270,8790,34860,33150
19.375,65.56,46,2022-10-07,10290,8700,5190,29340,24180
19.375,70,,2022-10-08,0,90,0,1200,90
19.5,67.69,45,2022-10-08,9000,12930,6240,29460,28170
19.5,73.5,47,2022-10-09,60,510,0,1560,570
19.5,72,49,2022-10-09,0,750,0,1380,750
18.75,63.77,53,2022-10-09,8850,10020,9840,30060,28710
18.75,,,2022-10-10,0,120,0,780,120
19.25,64.33,48,2022-10-10,9600,10230,10440,33180,30270
19.25,72.5,52,2022-10-11,0,30,0,900,30
19.25,69,,2022-10-11,180,90,0,1860,270
19.5,62.06,48,2022-10-11,5220,10080,8760,25980,24060
19.5,68.86,43,2022-10-12,0,600,150,2580,750
18,76,,2022-10-13,0,150,0,780,150
18,78,,2022-10-13,0,330,0,1320,330
18.875,63.78,44,2022-10-13,6330,14010,8580,31020,28920
18.875,84,43,2022-10-13,0,60,0,840,60
18.875,86,,2022-10-13,0,150,0,1260,150
18.875,79,,2022-10-13,60,30,0,1200,90
18.875,76,,2022-10-13,0,180,0,960,180
18.875,67.5,58,2022-10-14,0,180,0,780,180
18.875,,,2022-10-14,0,90,0,1260,90
18.25,66.79,36,2022-10-14,4320,17250,8970,32580,30540
19,69.89,32,2022-10-15,4920,13860,6870,27480,25650
19.375,67.18,38,2022-10-16,4050,11490,12300,28860,27840
19.375,65.83,50,2022-10-16,270,570,0,2760,840
19.375,68,,2022-10-17,0,30,0,900,30
19.375,70.8,44,2022-10-17,150,780,0,3600,930
18.875,60.08,51,2022-10-17,7590,12120,9390,31080,29100
18.875,78,,2022-10-18,0,30,0,780,30
19.125,66.77,40,2022-10-18,5340,14670,11610,34320,31620
19.125,67,62,2022-10-19,90,1890,0,2760,1980
19,63.8,46,2022-10-19,8010,10320,10080,31320,28410
19,69.5,54,2022-10-19,0,150,0,1320,150
19,64.5,80,2022-10-20,90,360,0,2700,450
18.875,61.64,56,2022-10-20,7920,10800,9810,30900,28530
18.875,77.75,36,2022-10-21,120,180,180,2340,480
18.875,67,51,2022-10-21,0,60,0,720,60
18.125,65.35,35,2022-10-21,5430,13440,11910,34500,30780
18.125,63.3,63,2022-10-21,1590,1020,30,4320,2640
18.125,80,31,2022-10-22,30,210,0,960,240
18.125,66.5,64,2022-10-22,0,90,0,780,90
18.875,65.96,45,2022-10-22,5430,16260,9390,33300,31080
20,66.09,43,2022-10-23,9150,10980,9390,31680,29520
20,75,45,2022-10-24,0,60,0,1140,60
20.125,64.77,47,2022-10-24,7710,12390,9600,30780,29700
19,62.2,52,2022-10-25,10740,12600,7260,32820,30600
19.625,64.39,46,2022-10-26,5880,14820,7260,30720,27960
19.75,64.69,48,2022-10-27,7170,10800,7650,26760,25620
19.75,66,70,2022-10-28,330,1740,0,3120,2070
19.75,60.8,81,2022-10-28,660,300,0,1560,960
18.75,69.24,33,2022-10-28,5910,4140,6420,17640,16470
17.125,72.91,30,2022-10-28,4560,2070,3330,12000,9960
17.125,74.4,,2022-10-29,210,30,0,2280,240
17.125,70.5,,2022-10-29,390,390,0,2280,780
19.125,66.4,39,2022-10-29,6690,9810,10650,30780,27150
19.125,73,50,2022-10-30,0,60,0,600,60
19.125,,,2022-10-30,120,390,0,2400,510
19.125,75.5,,2022-10-30,90,510,0,3240,600
19.125,72,53,2022-10-30,0,120,0,900,120
19.25,62.89,46,2022-10-30,7020,11130,9600,28860,27750
19.25,,,2022-10-31,90,180,0,1740,270
18.75,65.72,37,2022-10-31,4410,3960,9330,18420,17700
19,63.92,46,2022-11-01,9300,9840,9270,30900,28410
19,78.5,43,2022-11-02,60,120,0,1260,180
18.375,63.12,47,2022-11-02,7980,13020,7710,31560,28710
18.375,75,,2022-11-03,0,120,0,900,120
18.625,65.63,38,2022-11-03,5460,11130,10770,28680,27360
18.75,61.15,48,2022-11-04,6480,17250,9120,34860,32850
18.75,71,,2022-11-04,0,120,0,660,120
18.75,77,49,2022-11-05,30,180,0,1380,210
18.75,63.2,59,2022-11-05,480,630,0,2040,1110
,,,2022-11-05,,,,31680,
15.25,78,34,2022-11-06,510,1200,0,3300,1710
19.5,67.21,38,2022-11-06,7230,12090,9360,30420,28680
19.5,79,,2022-11-07,0,60,0,1200,60
19.5,62,67,2022-11-07,0,30,0,600,30
18.875,66.89,39,2022-11-07,8160,8820,9510,28320,26490
18.875,74.5,37,2022-11-08,150,810,0,1920,960
18.625,62.55,45,2022-11-08,8970,11730,8700,32520,29400
18.625,85,,2022-11-09,0,210,0,1380,210
18.625,75,46,2022-11-09,0,360,300,1440,660
19,62.21,49,2022-11-09,10440,9870,9390,32040,29700
19,82.57,18,2022-11-10,0,210,0,2100,210
19.5,64.17,45,2022-11-10,7200,12030,10590,31200,29820
19.625,65.37,50,2022-11-11,9600,10350,8670,29460,28620
19.625,68,,2022-11-11,30,0,0,960,30
19.625,,,2022-11-11,0,30,0,1200,30
19.625,,,2022-11-11,0,30,0,720,30
19.375,63.73,55,2022-11-12,9690,10740,9780,38820,30210
19.375,69.33,61,2022-11-13,0,120,0,1620,120
18.375,64.66,45,2022-11-13,3570,10230,12570,31560,26370
18.375,73.92,42,2022-11-14,0,2520,180,3660,2700
19.25,68.1,32,2022-11-14,4140,13770,8250,26940,26160
19.25,73.67,51,2022-11-14,0,360,0,1260,360
19.25,,,2022-11-15,30,60,0,2580,90
19.25,,,2022-11-15,0,120,0,2520,120
17.375,64.49,42,2022-11-15,7380,6540,6450,22500,20370
17.375,,,2022-11-15,0,0,0,480,0
17.375,75.67,,2022-11-16,120,60,0,1500,180
18.75,71.09,31,2022-11-16,6030,10830,9870,30540,26730
18.75,57,128,2022-11-16,0,30,0,900,30
18.75,59.11,72,2022-11-16,4410,270,0,5400,4680
18.75,74.5,,2022-11-17,120,30,0,3240,150
18.75,63.94,51,2022-11-17,5040,16920,10680,37680,32640
19.625,66.85,36,2022-11-18,5370,9120,4800,19800,19290
18.875,70.64,26,2022-11-19,6930,6360,8220,25020,21510
18.875,73.5,50,2022-11-19,0,180,0,1080,180
19,69.96,32,2022-11-20,4830,17730,15300,41580,37860
19,90,,2022-11-20,90,30,0,3360,120
18.25,73.15,31,2022-11-21,2970,16020,11370,38160,30360
18.25,76.33,37,2022-11-21,450,960,0,2040,1410
17.625,72.16,36,2022-11-22,6000,14460,15810,40260,36270
17.625,71,43,2022-11-22,0,360,0,1200,360
17.375,66.52,43,2022-11-23,7110,11490,14700,36420,33300
17.375,86.8,15,2022-11-24,0,240,0,1200,240
18.375,66.13,52,2022-11-24,8670,12060,11280,33480,32010
19.375,69.84,37,2022-11-25,6900,10770,8970,27300,26640
19.375,79.5,,2022-11-26,150,420,0,1620,570
19.375,77.5,40,2022-11-26,180,180,0,1740,360
18.75,65.72,53,2022-11-26,5670,11070,10650,28560,27390
18.75,70.75,,2022-11-26,0,180,0,2160,180
18.75,72,64,2022-11-27,0,30,0,900,30
18.75,70.33,52,2022-11-27,360,2760,60,5880,3180
18.375,63.11,49,2022-11-27,8130,7620,9690,26940,25440
18.375,76.22,,2022-11-28,0,270,270,2760,540
18.875,66.72,38,2022-11-28,7680,12600,10680,32760,30960
18.875,79,,2022-11-29,0,270,0,1200,270
18.75,67.13,43,2022-11-29,7530,9300,9630,28620,26460
18.75,90,26,2022-11-30,0,60,0,540,60
18.75,,,2022-11-30,0,300,0,1140,300
18.75,,,2022-11-30,120,0,0,2160,120
19.125,67.71,39,2022-11-30,5790,8820,11850,27720,26460
19.125,66,55,2022-12-01,0,180,0,1380,180
17.75,65.68,38,2022-12-01,5820,14130,11700,35460,31650
17.75,,,2022-12-01,0,0,0,780,0
18.5,69.66,35,2022-12-02,5820,7740,15300,29760,28860
18.5,78,40,2022-12-03,0,1080,0,2040,1080
19.875,70.41,40,2022-12-03,7290,9630,9300,27600,26220
19.875,68,63,2022-12-03,0,180,0,840,180
19.875,67,65,2022-12-04,0,120,0,720,120
18.875,67.34,48,2022-12-04,7440,14220,13110,38340,34770
19,61.17,57,2022-12-05,8430,11610,7170,29100,27210
19,79.5,45,2022-12-05,0,0,0,660,0
18.875,65.78,46,2022-12-06,6900,15150,10740,36360,32790
18.25,64.16,56,2022-12-07,7770,11490,9570,30840,28830
18.375,60.99,61,2022-12-08,10080,11700,12060,36060,33840
,,,2022-12-09,,,,22620,
18.375,81,23,2022-12-10,0,210,0,1320,210
18.375,72,47,2022-12-10,0,210,0,1260,210
19.375,65.33,42,2022-12-10,8250,10470,12330,32220,31050
19.375,76,,2022-12-11,0,150,0,1020,150
19.375,81,,2022-12-11,60,30,0,1380,90
19.625,65.96,37,2022-12-11,8790,11010,8250,30060,28050
19.625,76.57,23,2022-12-12,0,1260,0,1920,1260
17.875,64.19,43,2022-12-13,6930,12300,10680,33120,29910
18.125,62.55,53,2022-12-14,6990,13440,10080,33540,30510
18.125,70,67,2022-12-15,0,90,0,720,90
18.125,58.67,107,2022-12-15,0,90,0,720,90
18.375,59.52,56,2022-12-15,8670,7260,7170,24180,23100
19.125,71.33,41,2022-12-16,0,30,0,1260,30
19.125,74.75,,2022-12-17,30,540,0,1740,570
18.375,60.67,49,2022-12-17,6510,12660,7440,29400,26610
18.375,77.67,,2022-12-17,0,120,0,2880,120
18.375,69,,2022-12-18,0,0,0,540,0
18.5,60.94,56,2022-12-18,8670,15210,11460,38040,35340
18.875,66.17,37,2022-12-19,6180,15270,11340,34800,32790
18.75,69.12,36,2022-12-20,5880,13800,8550,31500,28230
17.75,61.77,50,2022-12-21,8730,11790,6600,29880,27120
17.75,73.25,39,2022-12-21,0,1680,2640,10920,4320
18.25,60.71,60,2022-12-22,5610,16560,8250,34200,30420
19.625,65.95,45,2022-12-23,10710,8010,9150,28860,27870
18.375,65.81,43,2022-12-24,7740,9930,9810,29040,27480
19.125,65.13,45,2022-12-25,6210,12270,7500,27060,25980
19.125,,,2022-12-26,0,270,0,900,270
19.625,65.23,38,2022-12-26,8370,11910,9450,31380,29730
19.625,73,43,2022-12-26,120,300,0,1620,420
19.625,81,21,2022-12-27,0,750,60,1620,810
17.875,65.44,43,2022-12-27,4440,14370,13470,46740,32280
19.875,70.31,28,2022-12-28,6390,9900,11340,31860,27630
19.875,74.5,39,2022-12-29,60,420,0,2160,480
19,68.31,36,2022-12-29,4860,6660,5820,19080,17340
20.625,69.84,33,2022-12-30,6210,11880,8730,27540,26820
20.625,92.5,,2022-12-31,0,210,0,2820,210
19,70,31,2022-12-31,5490,9840,7470,25380,22800
19.875,72.99,29,2023-01-01,8400,5610,9630,26100,23640
19.875,67,,2023-01-02,0,180,0,1620,180
19.875,80.4,,2023-01-02,0,450,0,1800,450
19.875,78,33,2023-01-02,0,0,0,480,0
18.5,68.05,31,2023-01-02,4680,12630,9480,28620,26790
18.125,,,2023-01-04,0,240,0,840,240
19.25,68.9,34,2023-01-04,6810,8190,9300,25320,24300
19.75,72.8,26,2023-01-05,6270,9690,9240,26880,25200
17.125,80,26,2023-01-07,690,180,0,1500,870
18.5,68.66,34,2023-01-07,5820,10680,7020,24840,23520
17.875,80,34,2023-01-07,0,90,0,960,90
17.875,79.4,30,2023-01-08,870,270,0,2460,1140
18.75,65.23,41,2023-01-08,4950,11790,9120,27060,25860
18.75,84,,2023-01-09,60,150,0,1860,210
19.125,64.49,44,2023-01-09,6990,10800,6420,25260,24210
18.125,60.11,60,2023-01-10,9660,6150,4770,21900,20580
15.125,79,44,2023-01-11,0,120,0,720,120
19.125,68.01,31,2023-01-11,9420,8400,9810,30720,27630
19.125,72.5,68,2023-01-11,0,210,0,1260,210
19.125,67,65,2023-01-11,60,540,0,1800,600
19.125,68.67,58,2023-01-12,90,360,0,1020,450
18.625,63.93,42,2023-01-12,8520,14160,9660,34260,32340
18.625,83.2,27,2023-01-13,0,270,240,1620,510
19.25,65.54,39,2023-01-13,7830,9240,9900,29100,26970
19.25,69,55,2023-01-13,0,30,0,660,30
19.25,80.5,,2023-01-14,0,240,0,1380,240
19.25,62.75,74,2023-01-14,30,300,0,1080,330
19.125,64.27,43,2023-01-14,6210,18960,10050,35820,35220
17.875,58.94,59,2023-01-15,8640,12780,7650,32040,29070
17.875,,,2023-01-15,330,120,0,1980,450
17.875,77,41,2023-01-16,0,120,0,900,120
17.875,75.5,55,2023-01-16,0,240,0,1080,240
17.875,74.67,,2023-01-16,0,420,0,1980,420
17.875,71,50,2023-01-16,0,30,0,780,30
17.875,74,,2023-01-16,240,210,0,2220,450
18.25,63.07,43,2023-01-16,5970,10950,10980,32640,27900
18.25,78,,2023-01-17,0,120,0,1140,120
18.25,64.12,45,2023-01-17,5940,15690,10200,33900,31830
18.375,61.98,41,2023-01-18,8370,9870,8220,27780,26460
17.375,62.99,44,2023-01-19,5370,14130,11190,34740,30690
17.375,71,35,2023-01-20,0,120,0,960,120
19.625,63.25,49,2023-01-20,6780,11190,6480,25800,24450
19.625,,,2023-01-21,0,90,0,1080,90
19.625,76,,2023-01-21,90,180,0,2220,270
18.125,61.02,57,2023-01-21,8700,7800,12030,31560,28530
18.625,59.63,67,2023-01-22,8400,11550,8550,30840,28500
18.625,72,,2023-01-23,60,180,0,960,240
17.75,57.72,58,2023-01-23,8520,12870,9210,34320,30600
17.75,60,,2023-01-24,150,30,0,1740,180
17.625,60.02,53,2023-01-24,5370,11370,11100,36960,27840
17.625,72,,2023-01-25,0,180,0,720,180
17.625,,,2023-01-25,0,30,0,720,30
18.5,60.32,44,2023-01-25,5910,14370,8790,31740,29070
16.75,88.4,21,2023-01-26,0,660,0,1500,660
19.25,63.95,38,2023-01-26,6360,11430,6150,26160,23940
19.25,75,,2023-01-27,0,630,60,3060,690
,,,2023-01-27,,,,38940,
19.25,69.25,,2023-01-27,0,270,0,2460,270
19.25,72,,2023-01-27,0,600,0,2460,600
19.25,71,,2023-01-28,60,240,0,3360,300
19.25,72.75,29,2023-01-28,150,930,540,2760,1620
18.875,61.97,50,2023-01-28,8880,13350,11010,35040,33240
18.875,77.75,,2023-01-29,0,90,0,2280,90
18.875,64.83,39,2023-01-29,7260,10020,8970,28740,26250
18.875,60.53,49,2023-01-30,9210,7110,6000,23340,22320
18.875,69.5,47,2023-01-31,0,30,0,780,30
17.75,61.37,42,2023-01-31,7620,6510,10410,25680,24540
17.75,77,30,2023-02-01,30,90,0,1440,120
18.75,65.26,34,2023-02-01,8520,10080,8550,29460,27150
18.75,73,44,2023-02-02,0,0,0,540,0
18.75,75,34,2023-02-02,30,240,0,1560,270
18.5,62.2,45,2023-02-02,7830,9750,8850,28800,26430
18,62.4,51,2023-02-03,8670,10260,11370,33480,30300
18,64.8,65,2023-02-04,0,1680,30,3180,1710
19.75,64.92,39,2023-02-04,4770,13110,10410,29880,28290
15.375,73,44,2023-02-06,0,0,0,600,0
18.875,65.69,38,2023-02-06,960,9060,9270,19740,19290
18.875,98.67,21,2023-02-06,0,180,0,1140,180
18.875,86,,2023-02-07,60,180,0,1740,240
18.125,61.48,46,2023-02-07,11220,7800,12960,34620,31980
18.125,84,27,2023-02-08,0,0,0,780,0
18.125,64.14,41,2023-02-08,5550,7260,12660,26640,25470
18.875,63.44,45,2023-02-09,8850,9330,6690,28020,24870
18.875,89,32,2023-02-10,0,210,0,960,210
19,63.93,43,2023-02-10,8820,10470,8790,29700,28080
19,,,2023-02-10,180,120,0,3060,300
19,74,46,2023-02-11,0,0,0,660,0
16.875,81,52,2023-02-12,0,90,0,960,90
16.875,57.67,116,2023-02-12,30,360,0,960,390
17.75,62.81,55,2023-02-12,7170,10560,8340,29820,26070
17.75,90.5,19,2023-02-12,0,30,0,600,30
17.75,95.5,19,2023-02-13,0,30,0,540,30
,,,2023-02-13,,,,30480,
17.75,84.5,19,2023-02-13,0,60,0,780,60
17.75,90,,2023-02-14,0,120,0,2160,120
17.75,91,,2023-02-14,90,0,0,1860,90
17.75,94.12,,2023-02-14,0,300,30,2280,330
17.75,89.67,13,2023-02-14,0,60,0,780,60
18.125,71.07,29,2023-02-14,4470,17430,10620,37080,32520
18.125,78,,2023-02-14,0,0,0,720,0
18.125,83.6,,2023-02-15,0,270,0,1620,270
18.375,70.44,24,2023-02-15,6270,11190,8280,28380,25740
18.375,85,26,2023-02-15,30,120,0,960,150
18.375,69.33,29,2023-02-16,0,180,0,2400,180
20,79.74,14,2023-02-16,3900,8100,11940,25740,23940
20,86,35,2023-02-16,0,0,0,1440,0
18.5,64.62,43,2023-02-17,6720,16350,9900,36720,32970
18.5,83.8,,2023-02-18,0,210,0,1680,210
18.5,67.29,,2023-02-18,0,540,0,2100,540
18.5,67,55,2023-02-18,0,0,0,1020,0
18.5,64,,2023-02-18,0,0,0,780,0
18.5,59.71,91,2023-02-18,0,540,0,2640,540
18.75,62.66,54,2023-02-18,7350,6060,11670,28020,25080
19.375,59.16,67,2023-02-19,10500,10530,8160,30180,29190
19.375,74,,2023-02-19,0,30,0,780,30
19.375,64.2,,2023-02-20,30,150,0,3060,180
17.5,56.71,67,2023-02-20,13230,9810,10890,36360,33930
17.5,70,,2023-02-21,0,30,0,780,30
18.375,61.09,62,2023-02-21,10680,11130,10140,33780,31950
18.375,87.5,,2023-02-21,0,120,0,1500,120
18.375,71.5,40,2023-02-22,60,210,0,1080,270
18.375,74.67,45,2023-02-22,0,180,0,1560,180
18.75,69.96,32,2023-02-22,5130,11730,7710,27000,24570
18.5,63.86,51,2023-02-23,8550,11700,8610,29940,28860
18.5,63.3,81,2023-02-24,2070,2670,450,6060,5190
18.5,71.8,76,2023-02-24,360,540,0,4680,900
18.25,60.59,70,2023-02-24,10410,15600,12600,42840,38610
16.875,70.33,50,2023-02-25,30,180,0,2400,210
16.875,69.5,,2023-02-25,30,120,0,2340,150
18.625,62.62,48,2023-02-25,5670,7830,6150,29220,19650
18.625,63,,2023-02-25,90,180,0,2520,270
18.75,61.61,51,2023-02-26,9330,16500,10980,39840,36810
18.75,74.5,53,2023-02-27,0,240,0,1020,240
18.75,70.4,56,2023-02-27,120,810,0,1740,930
18.875,60.68,57,2023-02-27,10590,9750,6360,30060,26700
18.875,,,2023-02-28,30,180,0,1080,210
18.75,61.15,51,2023-02-28,9240,10500,7080,28440,26820
13,63.14,38,2023-03-01,7650,9570,4680,24900,21900
12.625,71.35,42,2023-03-02,6120,15780,4800,30600,26700
12.625,63.67,65,2023-03-03,240,240,0,1620,480
19.125,64.24,46,2023-03-03,6390,10350,5490,24960,22230
19.125,,,2023-03-04,0,540,0,3300,540
19.125,,,2023-03-04,0,330,0,1920,330
19.125,75.92,37,2023-03-04,30,1260,90,5100,1380
19.125,67,,2023-03-04,0,30,0,840,30
19.125,62.71,76,2023-03-04,180,750,0,1920,930
18.5,62.59,47,2023-03-04,1830,5700,10830,19260,18360
18.5,77,,2023-03-04,0,30,0,780,30
18.5,81.75,,2023-03-05,30,180,0,2460,210
19,62.75,46,2023-03-05,7500,12210,12390,36120,32100
19,95.67,14,2023-03-06,0,180,0,1500,180
19,,,2023-03-06,0,90,0,840,90
19.75,65.55,39,2023-03-06,7590,9180,8700,26880,25470
12.625,66.48,27,2023-03-08,7680,8820,5820,25020,22320
12.625,75.33,,2023-03-08,0,150,0,1740,150
12.875,68.29,38,2023-03-09,8580,8730,5520,27240,22830
14,68.5,28,2023-03-09,4500,3540,1830,12900,9870
14,64.5,51,2023-03-09,0,90,0,840,90
14,70,44,2023-03-10,0,240,30,1200,270
13.75,64.23,44,2023-03-10,6270,6810,3630,19440,16710
14.625,65.67,37,2023-03-10,2940,4050,270,11940,7260
13.625,64.36,78,2023-03-11,7080,9540,750,30180,17370
13.625,62.41,36,2023-03-11,5430,3420,1830,11880,10680
13.625,60.26,69,2023-03-12,9510,5430,3660,21660,18600
13.625,82.25,,2023-03-13,0,120,0,2460,120
13.625,75,,2023-03-13,90,0,0,1740,90
13.625,67.1,32,2023-03-13,9330,6540,5370,26400,21240
13.625,80.5,22,2023-03-13,0,0,0,1260,0
13.375,65.52,44,2023-03-14,6120,10710,4350,23520,21180
14.125,66.32,36,2023-03-14,6300,3600,2550,16320,12450
13.625,62.19,48,2023-03-15,5490,11190,5070,25020,21750
13.25,61.97,57,2023-03-16,9090,11910,4320,28440,25320
13.625,62.67,45,2023-03-17,9480,6900,5520,24300,21900
13.625,71.5,43,2023-03-17,0,90,0,1080,90
,,,2023-03-18,,,,27060,
13.625,78,21,2023-03-19,0,30,0,900,30
13.625,74.25,49,2023-03-19,0,270,420,1380,690
18.5,65.36,42,2023-03-19,8010,6930,11130,28020,26070
19.25,63.63,44,2023-03-20,5580,10890,9420,27900,25890
18.5,71,,2023-03-21,0,30,0,480,30
18.5,65.83,60,2023-03-21,630,210,0,1500,840
18.875,63.88,45,2023-03-21,8430,12450,9870,33960,30750
18.875,68.33,,2023-03-22,120,150,0,1980,270
19.5,62.77,43,2023-03-22,11370,5820,6510,24900,23700
19.5,72,,2023-03-23,0,60,0,660,60
19,66.63,37,2023-03-23,9840,9180,9840,31980,28860
19,95,24,2023-03-24,0,30,0,720,30
19,75.67,46,2023-03-24,0,90,0,780,90
,,,2023-03-24,,,,35040,
19.25,69.73,37,2023-03-25,180,1590,150,4380,1920
18.125,60.93,49,2023-03-25,7320,12000,8880,30720,28200
19.375,66.84,36,2023-03-26,8640,5730,10980,26460,25350
19.375,79,28,2023-03-27,0,270,60,1260,330
19.375,65.78,49,2023-03-27,1080,1290,0,3060,2370
18.5,64.08,39,2023-03-27,4350,11820,6060,23460,22230
19,61.49,48,2023-03-28,6900,10380,5490,23460,22770
19,59.14,64,2023-03-28,1620,1140,0,4680,2760
19,75,44,2023-03-29,0,180,0,840,180
18.5,64,37,2023-03-29,3300,14790,7740,26580,25830
19.25,67.91,31,2023-03-30,6360,12570,11820,35340,30750
19.25,74,36,2023-03-31,0,30,0,600,30
19.25,75.5,40,2023-03-31,0,0,0,480,0
19.25,80,29,2023-03-31,0,450,240,1260,690
18.375,61.76,46,2023-03-31,5220,15450,7470,30300,28140
18.375,66.67,59,2023-04-01,300,1170,0,2640,1470
,,,2023-04-01,,,,32760,
18.375,64.47,45,2023-04-02,5280,10380,6360,23940,22020
18.375,58,102,2023-04-02,0,240,0,780,240
18.375,78.6,,2023-04-03,150,240,0,3240,390
19.5,62.2,50,2023-04-03,9540,10830,7620,28980,27990
18.625,61.51,46,2023-04-04,4560,10650,8220,24840,23430
17.375,61.17,52,2023-04-05,7740,11700,8250,29760,27690
17.375,77.67,36,2023-04-05,0,210,0,900,210
17.375,68.67,47,2023-04-05,0,180,0,1200,180
17.375,67.5,53,2023-04-05,0,180,0,1380,180
17.375,74,,2023-04-06,60,150,0,1920,210
17.375,76,,2023-04-06,0,150,0,1920,150
17.375,66,37,2023-04-06,7860,7290,9810,27240,24960
17.5,64.18,49,2023-04-07,8190,14610,10980,38160,33780
17.5,83,,2023-04-07,0,150,0,3240,150
17.5,77.5,39,2023-04-08,0,30,0,720,30
18.25,69.94,34,2023-04-08,6750,12210,11970,34080,30930
18.25,76.33,48,2023-04-08,0,300,0,1140,300
18.25,70,,2023-04-08,90,120,0,1920,210
17.875,65.3,43,2023-04-09,10380,9030,9900,30960,29310
17.875,74.33,43,2023-04-10,0,120,0,900,120
18.125,63.27,48,2023-04-10,8670,9690,10590,31800,28950
18.125,85,24,2023-04-11,0,0,0,1380,0
18.125,80.25,23,2023-04-11,0,210,0,1140,210
20.375,71.69,31,2023-04-11,3930,10110,9060,25380,23100
18.75,68.29,31,2023-04-12,9360,6090,9960,26700,25410
19.625,67.1,38,2023-04-13,7440,8790,8730,26100,24960
16,82,19,2023-04-14,30,0,0,1500,30
16,68,55,2023-04-14,0,30,0,660,30
18.375,63.58,44,2023-04-14,8310,13350,8460,33120,30120
18.375,73,,2023-04-15,30,60,0,780,90
18.375,,,2023-04-15,0,0,0,960,0
19.625,66.61,38,2023-04-15,8250,8100,9330,27000,25680
19.625,,,2023-04-16,0,60,0,1140,60
19.625,71,48,2023-04-16,0,690,0,1440,690
19.25,64.27,44,2023-04-16,7500,11550,7410,27420,26460
19.25,75.6,,2023-04-17,120,210,180,2400,510
19.25,68,51,2023-04-17,0,240,0,900,240
17.375,62.39,52,2023-04-17,810,7740,8880,18120,17430
17.375,78.5,,2023-04-18,0,120,0,1860,120
19.375,67.9,41,2023-04-18,7110,12690,11820,34200,31620
19.375,81.5,28,2023-04-19,0,30,0,1320,30
19,67.27,42,2023-04-19,9480,10590,11490,33300,31560
18.625,63.43,58,2023-04-20,9840,11010,10350,35880,31200
19.625,70.46,33,2023-04-21,8670,10740,7170,28680,26580
19.625,76,,2023-04-22,180,150,0,2160,330
19.625,,,2023-04-22,0,120,0,1080,120
18.75,61.78,52,2023-04-22,6270,15810,9720,33900,31800
18.75,86.67,,2023-04-22,0,30,0,1620,30
19.125,64.11,50,2023-04-23,8220,12990,11130,33120,32340
18.75,64.1,45,2023-04-24,6810,10290,8070,28440,25170
18.75,56.8,95,2023-04-24,1470,180,0,2640,1650
19,59.54,69,2023-04-25,11460,8820,9060,31320,29340
18.625,64.9,40,2023-04-26,6870,11340,11460,31800,29670
18.625,75.71,34,2023-04-27,30,210,300,7320,540
18.5,65.77,36,2023-04-27,8250,9750,12600,31620,30600
18.875,62.66,45,2023-04-28,10080,9600,8580,29220,28260
18.875,67.67,60,2023-04-28,0,30,0,660,30
18.875,70.75,,2023-04-28,0,120,0,1380,120
18.875,80.67,,2023-04-29,0,240,90,2160,330
18.625,64.2,43,2023-04-29,8970,9810,14820,40620,33600
19,63.03,48,2023-04-30,7500,12780,8670,30360,28950
19,60.75,99,2023-04-30,2640,1110,120,4860,3870
18.125,60.46,57,2023-05-01,9300,9630,6990,28080,25920
18.125,77,41,2023-05-01,0,0,0,660,0
18.125,70.5,69,2023-05-02,0,120,0,720,120
18.125,,,2023-05-02,0,30,0,780,30
18.125,76.5,,2023-05-02,150,60,0,4440,210
17.875,62,51,2023-05-02,7560,11250,9780,34260,28590
18.25,63.48,41,2023-05-04,5220,10590,9900,26760,25710
18.25,60.75,80,2023-05-04,780,780,0,2400,1560
18.25,78.67,29,2023-05-05,0,0,0,660,0
18,63.86,38,2023-05-05,6450,13650,10320,33300,30420
18,74.5,,2023-05-06,60,90,0,2640,150
18.875,66.32,40,2023-05-06,9120,14400,10680,40200,34200
18.875,81.67,,2023-05-06,0,270,0,1200,270
18.875,80.5,28,2023-05-07,0,180,0,1500,180
19.25,66.53,38,2023-05-07,9930,10860,12030,35520,32820
19.625,66.83,38,2023-05-08,6690,10260,10860,29460,27810
19.625,78,36,2023-05-08,0,300,0,1020,300
19.75,68.4,40,2023-05-09,6150,16860,7380,32220,30390
19.75,73.88,50,2023-05-09,90,960,0,2100,1050
19.75,79,28,2023-05-10,0,240,30,1020,270
19.75,69,64,2023-05-10,0,0,0,1020,0
19,62.85,48,2023-05-10,6270,12420,9210,29760,27900
17.875,80,41,2023-05-11,120,630,0,1860,750
20.125,66.97,39,2023-05-11,9390,10020,8760,28860,28170
20.125,76.67,37,2023-05-12,90,780,0,1620,870
19.25,69.43,29,2023-05-12,5760,11550,12150,31260,29460
19.25,70,,2023-05-13,30,210,0,840,240
19.25,71.5,,2023-05-13,0,150,0,2340,150
17.75,62.31,48,2023-05-13,4740,1770,3120,10800,9630
17.75,71.92,59,2023-05-13,840,5010,450,10920,6300
19.25,63.22,53,2023-05-14,6090,27090,11880,50460,45060
19.25,84,,2023-05-14,30,390,0,1860,420
19.25,84,15,2023-05-14,0,0,0,660,0
19.25,73,,2023-05-15,0,450,30,2040,480
19.75,69.24,36,2023-05-15,3420,19410,12030,37020,34860
19.75,68,60,2023-05-15,0,270,0,780,270
19.75,72.5,34,2023-05-16,360,600,0,2160,960
19.625,61.06,52,2023-05-16,5010,15780,10110,33480,30900
19.625,81.67,22,2023-05-16,0,30,0,660,30
19.625,79,,2023-05-16,0,90,0,2160,90
19.625,79.62,,2023-05-17,0,240,0,2940,240
19.125,64.19,45,2023-05-17,7470,18060,10140,38280,35670
19.125,74.14,39,2023-05-17,0,1020,0,2220,1020
19.125,83.75,19,2023-05-18,0,240,0,1140,240
19.125,,,2023-05-18,0,0,0,660,0
19.125,79.33,,2023-05-18,0,150,0,2220,150
17.5,60.24,53,2023-05-18,7920,7230,4410,22320,19560
14.875,79.5,47,2023-05-18,0,30,0,1020,30
14.875,63.67,55,2023-05-19,720,1020,0,2520,1740
18.75,60.57,54,2023-05-19,8850,11250,8100,29700,28200
17.625,74.1,39,2023-05-20,0,1800,0,3180,1800
17.625,65.5,56,2023-05-20,0,450,0,1620,450
17.625,63.67,57,2023-05-20,30,600,0,1500,630
18.125,61.06,54,2023-05-20,6210,14100,6960,29700,27270
18.125,72.56,47,2023-05-21,60,1200,450,2400,1710
19,63.64,45,2023-05-21,11700,8730,9270,32820,29700
19,66.5,59,2023-05-22,0,480,0,3240,480
19,66,,2023-05-22,0,180,0,1500,180
19.625,69.4,33,2023-05-22,5100,13650,9360,30480,28110
20.125,67.9,35,2023-05-23,6930,14340,9900,32820,31170
19.75,66.88,37,2023-05-24,8130,12120,10890,32760,31140
19,69.45,35,2023-05-25,10920,7950,8850,30000,27720
18.75,77,22,2023-05-26,30,90,0,1380,120
18.875,66.66,34,2023-05-26,5790,19920,10590,38040,36300
18.875,,,2023-05-26,90,180,0,1200,270
18.875,67,,2023-05-27,30,0,0,1800,30
18.875,68.67,46,2023-05-27,0,240,0,840,240
18.875,70,,2023-05-27,0,210,0,900,210
18.875,71,,2023-05-27,0,120,0,900,120
18.625,68.89,39,2023-05-27,5370,13140,8520,31740,27030
19.5,67.77,36,2023-05-28,9180,8070,8550,26700,25800
19.5,72,51,2023-05-28,0,90,0,1020,90
19.5,86,30,2023-05-28,0,30,0,720,30
18.625,69.24,36,2023-05-29,8610,4110,2580,16980,15300
18.625,72.38,38,2023-05-30,660,270,240,2400,1170
18.75,61.67,51,2023-05-30,7050,13410,10380,32040,30840
18.75,74.2,,2023-05-31,0,330,210,3840,540
18.75,71.6,,2023-05-31,0,150,0,2160,150
19.25,64.97,48,2023-05-31,10560,9300,8550,30120,28410
18.625,62.28,50,2023-06-01,11850,7560,11550,34500,30960
18.625,64.5,77,2023-06-01,240,900,0,2280,1140
17.75,61.83,48,2023-06-02,8880,11040,8430,30720,28350
17.75,72.5,,2023-06-02,0,0,0,720,0
19.125,63.79,54,2023-06-03,9000,12960,8400,34800,30360
18.625,61.45,56,2023-06-04,8760,12180,7650,30600,28590
18.875,62.65,60,2023-06-05,8790,12870,6930,30120,28590
18.875,71,,2023-06-06,30,180,0,1320,210
17.125,60.15,58,2023-06-06,8520,13170,7320,33300,29010
18,62.1,51,2023-06-07,9720,6420,3870,20880,20010
18.75,63.32,51,2023-06-08,6570,13950,7620,29460,28140
18.75,65.33,58,2023-06-09,0,30,0,840,30
17.875,58.93,62,2023-06-09,9060,11220,13320,35940,33600
17.875,70.33,,2023-06-10,0,240,0,1200,240
19.125,63.17,51,2023-06-10,8070,10110,5850,27060,24030
19.125,74.67,48,2023-06-11,0,60,0,1320,60
19,60.06,57,2023-06-11,12030,10170,8520,33060,30720
19,77.8,,2023-06-12,0,240,0,1740,240
19.375,61.9,49,2023-06-12,8490,9420,9390,28320,27300
19.375,76.6,,2023-06-13,30,210,0,2760,240
18.5,57.53,65,2023-06-13,13230,7650,7350,30780,28230
19.25,61.06,56,2023-06-14,11340,8910,9480,30900,29730
19.75,73.75,45,2023-06-16,270,540,0,1440,810
19,62.76,50,2023-06-16,9060,11100,6180,27600,26340
,,,2023-06-17,,,,27660,
19,72.5,,2023-06-18,0,180,0,840,180
19,61.33,,2023-06-18,0,240,0,1680,240
19.375,60.29,58,2023-06-18,10770,11250,6480,29400,28500
19.375,87,,2023-06-18,0,150,0,1320,150
19.375,74.25,,2023-06-19,0,180,0,2820,180
,,,2023-06-19,,,,26340,
19.375,74.33,37,2023-06-19,60,120,0,1260,180
18,57.76,72,2023-06-20,10350,9690,7110,30420,27150
16.25,,,2023-06-21,0,480,0,2310,480
19.25,59.96,58,2023-06-21,4050,15870,6330,27907,26250
18.25,60.64,54,2023-06-22,4650,16320,7590,31192,28560
19,62.94,49,2023-06-23,5280,14760,5790,26905,25830
19.5,61.74,60,2023-06-24,4830,13560,5940,26311,24330
19.125,59.99,57,2023-06-25,4890,15900,8520,33067,29310
14.75,,,2023-06-26,0,570,0,1679,570
18.75,59.29,57,2023-06-26,6090,14730,5970,34920,26790
16.375,,,2023-06-27,30,390,0,1770,420
19.125,60.91,50,2023-06-27,4620,9450,4650,20253,18720
20.5,,,2023-06-27,0,0,0,661,0
17.25,69.33,55,2023-06-28,30,1560,150,3120,1740
18.75,58.71,69,2023-06-28,3570,17790,6090,29621,27450
18.75,56.7,66,2023-06-29,5670,13470,8250,30405,27390
18.875,,,2023-06-30,0,0,0,930,0
18.875,,,2023-06-30,0,330,0,1320,330
18.875,,,2023-06-30,0,0,0,2220,0
19.125,58.13,66,2023-06-30,4590,14580,7350,27604,26520
19,60.63,55,2023-07-01,3930,16860,6510,29524,27300
18.875,62.04,39,2023-07-02,6840,12870,6600,28599,26310
18.875,,,2023-07-03,0,0,0,1050,0
17,,,2023-07-03,0,0,0,631,0
18,58.07,52,2023-07-03,5550,16470,5970,31580,27990
16.875,,,2023-07-03,0,390,0,1321,390
16.875,,,2023-07-03,0,0,0,721,0
19.125,61.58,61,2023-07-04,3300,9480,3270,17734,16050
19.125,,,2023-07-04,0,690,0,2250,690
17,,,2023-07-04,0,0,0,1320,0
15,,,2023-07-04,0,0,0,931,0
15,,,2023-07-04,0,0,0,631,0
16.75,,,2023-07-05,0,300,0,1290,300
19.125,61.09,52,2023-07-05,4980,21660,8220,37115,34860
19.5,66.53,40,2023-07-06,6570,13380,6450,29209,26400
18.125,70.5,,2023-07-07,120,900,0,2220,1020
18.875,62.78,42,2023-07-07,5460,15660,5790,30050,26910
20.125,65.7,37,2023-07-08,3270,17520,7110,30520,27900
18.625,74.5,,2023-07-09,360,990,0,2910,1350
18.25,,,2023-07-09,60,60,0,1590,120
18.25,,,2023-07-09,0,0,0,750,0
18.25,,,2023-07-09,0,0,0,900,0
18.25,,,2023-07-09,0,0,0,1620,0
18,61.5,51,2023-07-09,330,2280,0,4110,2610
15.75,,,2023-07-10,0,660,0,1770,660
15.75,71.33,46,2023-07-10,120,2220,0,2820,2340
18.5,62.43,50,2023-07-10,4710,18510,8400,34366,31620
19.125,66.18,41,2023-07-11,4560,16920,6870,29063,28350
17.5,,,2023-07-12,240,450,0,1890,690
18.125,57.32,67,2023-07-12,5340,13980,7080,28223,26400
18.625,58.28,63,2023-07-13,4020,15420,5370,26929,24810
17.375,,,2023-07-14,0,330,0,2280,330
17.375,,,2023-07-14,0,0,0,750,0
18.875,61.63,50,2023-07-14,4290,15240,5310,26700,24840
16.25,72,31,2023-07-15,0,1440,0,2130,1440
18.25,59.77,66,2023-07-15,5370,15600,5970,32329,26940
,,,2023-07-16,,,,25253,
20.375,66.25,33,2023-07-17,4500,10620,3270,20777,18390
